OrderID,BeneficiaryID,OrderDate,RequiredDeliveryDate,Status,Priority,Notes
1,1,2026-04-01,2026-04-04,Approved,1,Order batch 1
2,2,2026-04-02,2026-04-05,Approved,2,Order batch 2
3,3,2026-04-03,2026-04-06,Pending,2,Order batch 3
4,4,2026-04-04,2026-04-07,Picking,1,Order batch 4
5,5,2026-04-05,2026-04-08,Approved,3,Order batch 5
6,6,2026-04-06,2026-04-09,Pending,2,Order batch 6
7,7,2026-04-07,2026-04-10,Approved,1,Order batch 7
8,8,2026-04-08,2026-04-11,Picking,2,Order batch 8
9,9,2026-04-09,2026-04-12,Approved,3,Order batch 9
10,10,2026-04-10,2026-04-13,Pending,2,Order batch 10
11,11,2026-04-11,2026-04-14,Approved,1,Order batch 11
12,12,2026-04-12,2026-04-15,Picking,2,Order batch 12
13,13,2026-04-13,2026-04-16,Approved,3,Order batch 13
14,14,2026-04-14,2026-04-17,Pending,2,Order batch 14
15,15,2026-04-15,2026-04-18,Approved,1,Order batch 15
16,16,2026-04-16,2026-04-19,Picking,2,Order batch 16
17,17,2026-04-17,2026-04-20,Approved,3,Order batch 17
18,18,2026-04-18,2026-04-21,Pending,2,Order batch 18
19,19,2026-04-19,2026-04-22,Approved,1,Order batch 19
20,20,2026-04-20,2026-04-23,Picking,2,Order batch 20
21,21,2026-04-21,2026-04-24,Approved,3,Order batch 21
22,22,2026-04-22,2026-04-25,Pending,2,Order batch 22
23,23,2026-04-23,2026-04-26,Approved,1,Order batch 23
24,24,2026-04-24,2026-04-27,Picking,2,Order batch 24
25,25,2026-04-25,2026-04-28,Approved,3,Order batch 25
