OrderLineID,OrderID,ProductID,QtyUnits,Notes
1,1,1,14,Order line 1
2,2,2,16,Order line 2
3,3,3,18,Order line 3
4,4,4,20,Order line 4
5,5,5,22,Order line 5
6,6,6,24,Order line 6
7,7,7,26,Order line 7
8,8,1,28,Order line 8
9,9,2,30,Order line 9
10,10,3,12,Order line 10
11,11,4,14,Order line 11
12,12,5,16,Order line 12
13,13,6,18,Order line 13
14,14,7,20,Order line 14
15,15,1,22,Order line 15
16,16,2,24,Order line 16
17,17,3,26,Order line 17
18,18,4,28,Order line 18
19,19,5,30,Order line 19
20,20,6,12,Order line 20
21,21,7,14,Order line 21
22,22,1,16,Order line 22
23,23,2,18,Order line 23
24,24,3,20,Order line 24
25,25,4,22,Order line 25
26,1,5,24,Order line 26
27,2,6,26,Order line 27
28,3,7,28,Order line 28
29,4,1,30,Order line 29
30,5,2,12,Order line 30
31,6,3,14,Order line 31
32,7,4,16,Order line 32
33,8,5,18,Order line 33
34,9,6,20,Order line 34
35,10,7,22,Order line 35
36,11,1,24,Order line 36
37,12,2,26,Order line 37
38,13,3,28,Order line 38
39,14,4,30,Order line 39
40,15,5,12,Order line 40
